{"cameraMode":{"drawMode":0,"name":"Shaded","section":"Shading Mode"},"sceneLighting":false,"audioPlay":false,"sceneViewState":{"m_AlwaysRefresh":false,"showFog":true,"showSkybox":false,"showFlares":true,"showImageEffects":true,"showParticleSystems":true,"showVisualEffectGraphs":true,"m_FxEnabled":true},"in2DMode":false,"pivot":{"x":-5.069063663482666,"y":5.181323051452637,"z":1.9831066131591797},"rotation":{"x":0.12248332798480988,"y":-0.05834415927529335,"z":0.007187152747064829,"w":0.9907586574554443},"size":7.193235874176025,"orthographic":true}