{"cameraMode":{"drawMode":0,"name":"Shaded","section":"Shading Mode"},"sceneLighting":false,"audioPlay":false,"sceneViewState":{"m_AlwaysRefresh":false,"showFog":true,"showSkybox":false,"showFlares":true,"showImageEffects":true,"showParticleSystems":true,"showVisualEffectGraphs":true,"m_FxEnabled":true},"in2DMode":false,"pivot":{"x":-3.699878454208374,"y":-0.3773837685585022,"z":16.078392028808595},"rotation":{"x":0.11965387314558029,"y":0.031268201768398288,"z":-0.0037722501438111068,"w":0.9923242330551148},"size":1.2068699598312379,"orthographic":true}