{"cameraMode":{"drawMode":0,"name":"Shaded","section":"Shading Mode"},"sceneLighting":false,"audioPlay":false,"sceneViewState":{"m_AlwaysRefresh":false,"showFog":true,"showSkybox":false,"showFlares":true,"showImageEffects":true,"showParticleSystems":true,"showVisualEffectGraphs":true,"m_FxEnabled":true},"in2DMode":false,"pivot":{"x":-3.7555062770843508,"y":1.8702235221862794,"z":16.14620590209961},"rotation":{"x":0.043485376983881,"y":0.007492814213037491,"z":-0.0003270840097684413,"w":0.9990311861038208},"size":3.8534629344940187,"orthographic":true}