{"cameraMode":{"drawMode":0,"name":"Shaded","section":"Shading Mode"},"sceneLighting":false,"audioPlay":false,"sceneViewState":{"m_AlwaysRefresh":false,"showFog":true,"showSkybox":false,"showFlares":true,"showImageEffects":true,"showParticleSystems":true,"showVisualEffectGraphs":true,"m_FxEnabled":true},"in2DMode":false,"pivot":{"x":-3.1600000858306886,"y":5.181324005126953,"z":16.200000762939454},"rotation":{"x":0.29694610834121706,"y":0.009717805311083794,"z":-0.003044641111046076,"w":0.9548706412315369},"size":7.354564666748047,"orthographic":true}