{"cameraMode":{"drawMode":0,"name":"Shaded","section":"Shading Mode"},"sceneLighting":false,"audioPlay":false,"sceneViewState":{"m_AlwaysRefresh":false,"showFog":true,"showSkybox":false,"showFlares":true,"showImageEffects":true,"showParticleSystems":true,"showVisualEffectGraphs":true,"m_FxEnabled":true},"in2DMode":false,"pivot":{"x":0.1349571943283081,"y":-0.3573829233646393,"z":0.1055067703127861},"rotation":{"x":0.1033441573381424,"y":0.37643420696258547,"z":-0.042298801243305209,"w":0.9196969866752625},"size":1.5968571901321412,"orthographic":true}