{"cameraMode":{"drawMode":0,"name":"Shaded","section":"Shading Mode"},"sceneLighting":false,"audioPlay":false,"sceneViewState":{"m_AlwaysRefresh":false,"showFog":true,"showSkybox":false,"showFlares":true,"showImageEffects":true,"showParticleSystems":true,"showVisualEffectGraphs":true,"m_FxEnabled":true},"in2DMode":false,"pivot":{"x":-0.23482608795166017,"y":0.32144594192504885,"z":0.45007896423339846},"rotation":{"x":0.11661530286073685,"y":0.044971320778131488,"z":-0.005287562496960163,"w":0.9921520948410034},"size":12.12435531616211,"orthographic":true}