{"cameraMode":{"drawMode":0,"name":"Shaded","section":"Shading Mode"},"sceneLighting":false,"audioPlay":false,"sceneViewState":{"m_AlwaysRefresh":false,"showFog":true,"showSkybox":false,"showFlares":true,"showImageEffects":true,"showParticleSystems":true,"showVisualEffectGraphs":true,"m_FxEnabled":true},"in2DMode":false,"pivot":{"x":-3.666412830352783,"y":0.5489754676818848,"z":16.200000762939454},"rotation":{"x":-0.004499946720898151,"y":-0.005999911110848188,"z":-0.00002782511910481844,"w":0.9999760985374451},"size":2.10921573638916,"orthographic":true}