{"cameraMode":{"drawMode":0,"name":"Shaded","section":"Shading Mode"},"sceneLighting":false,"audioPlay":false,"sceneViewState":{"m_AlwaysRefresh":false,"showFog":true,"showSkybox":false,"showFlares":true,"showImageEffects":true,"showParticleSystems":true,"showVisualEffectGraphs":true,"m_FxEnabled":true},"in2DMode":false,"pivot":{"x":-0.08831623196601868,"y":0.9727485179901123,"z":4.8895087242126469},"rotation":{"x":0.15370391309261323,"y":0.38819149136543276,"z":-0.06584303081035614,"w":0.906299889087677},"size":1.61587393283844,"orthographic":true}